sample_name	bam	species	population	status
MORC_1	/home/dpoveda/micetral/steps/04_filtered_bam/bam_micetral/Cle_1.bam	domesticus	MORC	Africa
MORC_2	/home/dpoveda/micetral/steps/04_filtered_bam/bam_micetral/Cle_2.bam	domesticus	MORC	Africa
MORC_3	/home/dpoveda/micetral/steps/04_filtered_bam/bam_micetral/Cle_3.bam	domesticus	MORC	Africa
MORC_4	/home/dpoveda/micetral/steps/04_filtered_bam/bam_micetral/Cle_4.bam	domesticus	MORC	Africa
MORC_5	/home/dpoveda/micetral/steps/04_filtered_bam/bam_micetral/Cle_5.bam	domesticus	MORC	Africa
MORC_6	/home/dpoveda/micetral/steps/04_filtered_bam/bam_micetral/Cle_6.bam	domesticus	MORC	Africa
MORC_7	/home/dpoveda/micetral/steps/04_filtered_bam/bam_micetral/Cle_7.bam	domesticus	MORC	Africa
MORC_8	/home/dpoveda/micetral/steps/04_filtered_bam/bam_micetral/Cle_8.bam	domesticus	MORC	Africa
MORT_1	/home/dpoveda/micetral/steps/04_filtered_bam/bam_micetral/Tan_1.bam	domesticus	MORT	Africa
MORT_2	/home/dpoveda/micetral/steps/04_filtered_bam/bam_micetral/Tan_2.bam	domesticus	MORT	Africa
MORT_3	/home/dpoveda/micetral/steps/04_filtered_bam/bam_micetral/Tan_3.bam	domesticus	MORT	Africa
MORT_4	/home/dpoveda/micetral/steps/04_filtered_bam/bam_micetral/Tan_4.bam	domesticus	MORT	Africa
MORT_5	/home/dpoveda/micetral/steps/04_filtered_bam/bam_micetral/Tan_5.bam	domesticus	MORT	Africa
MORT_6	/home/dpoveda/micetral/steps/04_filtered_bam/bam_micetral/Tan_6.bam	domesticus	MORT	Africa
MORT_7	/home/dpoveda/micetral/steps/04_filtered_bam/bam_micetral/Tan_7.bam	domesticus	MORT	Africa
MORT_8	/home/dpoveda/micetral/steps/04_filtered_bam/bam_micetral/Tan_8.bam	domesticus	MORT	Africa
MORT_9	/home/dpoveda/micetral/steps/04_filtered_bam/bam_micetral/Tan_9.bam	domesticus	MORT	Africa
MORT_10	/home/dpoveda/micetral/steps/04_filtered_bam/bam_micetral/Tan_10.bam	domesticus	MORT	Africa
MORT_11	/home/dpoveda/micetral/steps/04_filtered_bam/bam_micetral/Tan_11.bam	domesticus	MORT	Africa
MORT_12	/home/dpoveda/micetral/steps/04_filtered_bam/bam_micetral/Tan_12.bam	domesticus	MORT	Africa
MORT_13	/home/dpoveda/micetral/steps/04_filtered_bam/bam_micetral/Tan_13.bam	domesticus	MORT	Africa
MORT_14	/home/dpoveda/micetral/steps/04_filtered_bam/bam_micetral/Tan_14.bam	domesticus	MORT	Africa
MORT_15	/home/dpoveda/micetral/steps/04_filtered_bam/bam_micetral/Tan_15.bam	domesticus	MORT	Africa
MORT_16	/home/dpoveda/micetral/steps/04_filtered_bam/bam_micetral/Tan_16.bam	domesticus	MORT	Africa
MORT_17	/home/dpoveda/micetral/steps/04_filtered_bam/bam_micetral/Tan_17.bam	domesticus	MORT	Africa
MORT_18	/home/dpoveda/micetral/steps/04_filtered_bam/bam_micetral/Tan_18.bam	domesticus	MORT	Africa
MORT_19	/home/dpoveda/micetral/steps/04_filtered_bam/bam_micetral/Tan_19.bam	domesticus	MORT	Africa
MORT_20	/home/dpoveda/micetral/steps/04_filtered_bam/bam_micetral/Tan_20.bam	domesticus	MORT	Africa
TUNB_1	/home/dpoveda/micetral/steps/04_filtered_bam/bam_micetral/Bem_1.bam	domesticus	TUNB	Africa
TUNB_2	/home/dpoveda/micetral/steps/04_filtered_bam/bam_micetral/Bem_2.bam	domesticus	TUNB	Africa
TUNB_3	/home/dpoveda/micetral/steps/04_filtered_bam/bam_micetral/Bem_3.bam	domesticus	TUNB	Africa
TUNB_4	/home/dpoveda/micetral/steps/04_filtered_bam/bam_micetral/Bem_4.bam	domesticus	TUNB	Africa
TUNB_5	/home/dpoveda/micetral/steps/04_filtered_bam/bam_micetral/Bem_5.bam	domesticus	TUNB	Africa
TUNB_6	/home/dpoveda/micetral/steps/04_filtered_bam/bam_micetral/Bem_6.bam	domesticus	TUNB	Africa
TUNB_7	/home/dpoveda/micetral/steps/04_filtered_bam/bam_micetral/Bem_7.bam	domesticus	TUNB	Africa
TUNB_8	/home/dpoveda/micetral/steps/04_filtered_bam/bam_micetral/Bem_8.bam	domesticus	TUNB	Africa
TUNB_9	/home/dpoveda/micetral/steps/04_filtered_bam/bam_micetral/Bem_9.bam	domesticus	TUNB	Africa
TUNB_10	/home/dpoveda/micetral/steps/04_filtered_bam/bam_micetral/Bem_10.bam	domesticus	TUNB	Africa
TUNB_11	/home/dpoveda/micetral/steps/04_filtered_bam/bam_micetral/Bem_11.bam	domesticus	TUNB	Africa
TUNB_12	/home/dpoveda/micetral/steps/04_filtered_bam/bam_micetral/Bem_12.bam	domesticus	TUNB	Africa
TUNB_13	/home/dpoveda/micetral/steps/04_filtered_bam/bam_micetral/Bem_13.bam	domesticus	TUNB	Africa
TUNB_14	/home/dpoveda/micetral/steps/04_filtered_bam/bam_micetral/Bem_14.bam	domesticus	TUNB	Africa
TUNB_15	/home/dpoveda/micetral/steps/04_filtered_bam/bam_micetral/Bem_15.bam	domesticus	TUNB	Africa
TUNB_16	/home/dpoveda/micetral/steps/04_filtered_bam/bam_micetral/Bem_16.bam	domesticus	TUNB	Africa
TUNB_17	/home/dpoveda/micetral/steps/04_filtered_bam/bam_micetral/Bem_17.bam	domesticus	TUNB	Africa
TUNB_18	/home/dpoveda/micetral/steps/04_filtered_bam/bam_micetral/Bem_18.bam	domesticus	TUNB	Africa
TUNB_19	/home/dpoveda/micetral/steps/04_filtered_bam/bam_micetral/Bem_19.bam	domesticus	TUNB	Africa
TUNB_20	/home/dpoveda/micetral/steps/04_filtered_bam/bam_micetral/Bem_20.bam	domesticus	TUNB	Africa
MALB_1	/home/dpoveda/micetral/steps/04_filtered_bam/bam_micetral/Bam_1.bam	domesticus	MALB	Africa
MALB_2	/home/dpoveda/micetral/steps/04_filtered_bam/bam_micetral/Bam_2.bam	domesticus	MALB	Africa
MALB_3	/home/dpoveda/micetral/steps/04_filtered_bam/bam_micetral/Bam_3.bam	domesticus	MALB	Africa
MALB_4	/home/dpoveda/micetral/steps/04_filtered_bam/bam_micetral/Bam_4.bam	domesticus	MALB	Africa
MALB_5	/home/dpoveda/micetral/steps/04_filtered_bam/bam_micetral/Bam_5.bam	domesticus	MALB	Africa
MALB_6	/home/dpoveda/micetral/steps/04_filtered_bam/bam_micetral/Bam_6.bam	domesticus	MALB	Africa
MALB_7	/home/dpoveda/micetral/steps/04_filtered_bam/bam_micetral/Bam_7.bam	domesticus	MALB	Africa
MALB_8	/home/dpoveda/micetral/steps/04_filtered_bam/bam_micetral/Bam_8.bam	domesticus	MALB	Africa
MALB_9	/home/dpoveda/micetral/steps/04_filtered_bam/bam_micetral/Bam_9.bam	domesticus	MALB	Africa
MALB_10	/home/dpoveda/micetral/steps/04_filtered_bam/bam_micetral/Bam_10.bam	domesticus	MALB	Africa
MALB_11	/home/dpoveda/micetral/steps/04_filtered_bam/bam_micetral/Bam_11.bam	domesticus	MALB	Africa
MALB_12	/home/dpoveda/micetral/steps/04_filtered_bam/bam_micetral/Bam_12.bam	domesticus	MALB	Africa
MALB_13	/home/dpoveda/micetral/steps/04_filtered_bam/bam_micetral/Bam_13.bam	domesticus	MALB	Africa
MALB_14	/home/dpoveda/micetral/steps/04_filtered_bam/bam_micetral/Bam_14.bam	domesticus	MALB	Africa
MALB_15	/home/dpoveda/micetral/steps/04_filtered_bam/bam_micetral/Bam_15.bam	domesticus	MALB	Africa
MALB_16	/home/dpoveda/micetral/steps/04_filtered_bam/bam_micetral/Bam_16.bam	domesticus	MALB	Africa
MALB_17	/home/dpoveda/micetral/steps/04_filtered_bam/bam_micetral/Bam_17.bam	domesticus	MALB	Africa
MALB_18	/home/dpoveda/micetral/steps/04_filtered_bam/bam_micetral/Bam_18.bam	domesticus	MALB	Africa
MALB_19	/home/dpoveda/micetral/steps/04_filtered_bam/bam_micetral/Bam_19.bam	domesticus	MALB	Africa
MALB_20	/home/dpoveda/micetral/steps/04_filtered_bam/bam_micetral/Bam_20.bam	domesticus	MALB	Africa
MALB_21	/home/dpoveda/micetral/steps/04_filtered_bam/bam_micetral/Bam_21.bam	domesticus	MALB	Africa
MALB_22	/home/dpoveda/micetral/steps/04_filtered_bam/bam_micetral/Bam_22.bam	domesticus	MALB	Africa
SENK_1	/home/dpoveda/micetral/steps/04_filtered_bam/bam_micetral/Dak_1.bam	domesticus	SENK	Africa
SENK_2	/home/dpoveda/micetral/steps/04_filtered_bam/bam_micetral/Dak_2.bam	domesticus	SENK	Africa
SENK_3	/home/dpoveda/micetral/steps/04_filtered_bam/bam_micetral/Dak_3.bam	domesticus	SENK	Africa
SENK_4	/home/dpoveda/micetral/steps/04_filtered_bam/bam_micetral/Dak_4.bam	domesticus	SENK	Africa
SENK_5	/home/dpoveda/micetral/steps/04_filtered_bam/bam_micetral/Dak_5.bam	domesticus	SENK	Africa
SENK_6	/home/dpoveda/micetral/steps/04_filtered_bam/bam_micetral/Dak_6.bam	domesticus	SENK	Africa
SENK_7	/home/dpoveda/micetral/steps/04_filtered_bam/bam_micetral/Dak_7.bam	domesticus	SENK	Africa
SENK_8	/home/dpoveda/micetral/steps/04_filtered_bam/bam_micetral/Dak_8.bam	domesticus	SENK	Africa
SENK_9	/home/dpoveda/micetral/steps/04_filtered_bam/bam_micetral/Dak_9.bam	domesticus	SENK	Africa
SENK_10	/home/dpoveda/micetral/steps/04_filtered_bam/bam_micetral/Dak_10.bam	domesticus	SENK	Africa
SENK_11	/home/dpoveda/micetral/steps/04_filtered_bam/bam_micetral/Dak_11.bam	domesticus	SENK	Africa
SENK_12	/home/dpoveda/micetral/steps/04_filtered_bam/bam_micetral/Dak_12.bam	domesticus	SENK	Africa
SENK_13	/home/dpoveda/micetral/steps/04_filtered_bam/bam_micetral/Dak_13.bam	domesticus	SENK	Africa
SENK_14	/home/dpoveda/micetral/steps/04_filtered_bam/bam_micetral/Dak_14.bam	domesticus	SENK	Africa
SENK_15	/home/dpoveda/micetral/steps/04_filtered_bam/bam_micetral/Dak_15.bam	domesticus	SENK	Africa
SENK_16	/home/dpoveda/micetral/steps/04_filtered_bam/bam_micetral/Dak_16.bam	domesticus	SENK	Africa
SENK_17	/home/dpoveda/micetral/steps/04_filtered_bam/bam_micetral/Dak_17.bam	domesticus	SENK	Africa
SENK_18	/home/dpoveda/micetral/steps/04_filtered_bam/bam_micetral/Dak_18.bam	domesticus	SENK	Africa
SENK_19	/home/dpoveda/micetral/steps/04_filtered_bam/bam_micetral/Dak_19.bam	domesticus	SENK	Africa
SENK_20	/home/dpoveda/micetral/steps/04_filtered_bam/bam_micetral/Dak_20.bam	domesticus	SENK	Africa
SENK_21	/home/dpoveda/micetral/steps/04_filtered_bam/bam_micetral/Dak_21.bam	domesticus	SENK	Africa
SENK_22	/home/dpoveda/micetral/steps/04_filtered_bam/bam_micetral/Dak_22.bam	domesticus	SENK	Africa
SEND_1	/home/dpoveda/micetral/steps/04_filtered_bam/bam_micetral/Dod_1.bam	domesticus	SEND	Africa
SEND_2	/home/dpoveda/micetral/steps/04_filtered_bam/bam_micetral/Dod_2.bam	domesticus	SEND	Africa
SEND_3	/home/dpoveda/micetral/steps/04_filtered_bam/bam_micetral/Dod_3.bam	domesticus	SEND	Africa
SEND_4	/home/dpoveda/micetral/steps/04_filtered_bam/bam_micetral/Dod_4.bam	domesticus	SEND	Africa
SEND_5	/home/dpoveda/micetral/steps/04_filtered_bam/bam_micetral/Dod_5.bam	domesticus	SEND	Africa
SEND_6	/home/dpoveda/micetral/steps/04_filtered_bam/bam_micetral/Dod_6.bam	domesticus	SEND	Africa
SEND_7	/home/dpoveda/micetral/steps/04_filtered_bam/bam_micetral/Dod_7.bam	domesticus	SEND	Africa
SEND_8	/home/dpoveda/micetral/steps/04_filtered_bam/bam_micetral/Dod_8.bam	domesticus	SEND	Africa
SEND_9	/home/dpoveda/micetral/steps/04_filtered_bam/bam_micetral/Dod_9.bam	domesticus	SEND	Africa
SEND_10	/home/dpoveda/micetral/steps/04_filtered_bam/bam_micetral/Dod_10.bam	domesticus	SEND	Africa
SEND_11	/home/dpoveda/micetral/steps/04_filtered_bam/bam_micetral/Dod_11.bam	domesticus	SEND	Africa
SEND_12	/home/dpoveda/micetral/steps/04_filtered_bam/bam_micetral/Dod_12.bam	domesticus	SEND	Africa
SEND_13	/home/dpoveda/micetral/steps/04_filtered_bam/bam_micetral/Dod_13.bam	domesticus	SEND	Africa
SEND_14	/home/dpoveda/micetral/steps/04_filtered_bam/bam_micetral/Dod_14.bam	domesticus	SEND	Africa
SEND_15	/home/dpoveda/micetral/steps/04_filtered_bam/bam_micetral/Dod_15.bam	domesticus	SEND	Africa
SEND_16	/home/dpoveda/micetral/steps/04_filtered_bam/bam_micetral/Dod_16.bam	domesticus	SEND	Africa
SEND_17	/home/dpoveda/micetral/steps/04_filtered_bam/bam_micetral/Dod_17.bam	domesticus	SEND	Africa
SEND_18	/home/dpoveda/micetral/steps/04_filtered_bam/bam_micetral/Dod_18.bam	domesticus	SEND	Africa
SEND_19	/home/dpoveda/micetral/steps/04_filtered_bam/bam_micetral/Dod_19.bam	domesticus	SEND	Africa
SEND_20	/home/dpoveda/micetral/steps/04_filtered_bam/bam_micetral/Dod_20.bam	domesticus	SEND	Africa
SEND_21	/home/dpoveda/micetral/steps/04_filtered_bam/bam_micetral/Dod_21.bam	domesticus	SEND	Africa
SEND_22	/home/dpoveda/micetral/steps/04_filtered_bam/bam_micetral/Dod_22.bam	domesticus	SEND	Africa
SENS_1	/home/dpoveda/micetral/steps/04_filtered_bam/bam_micetral/Sai_1.bam	domesticus	SENS	Africa
SENS_2	/home/dpoveda/micetral/steps/04_filtered_bam/bam_micetral/Sai_2.bam	domesticus	SENS	Africa
SENS_3	/home/dpoveda/micetral/steps/04_filtered_bam/bam_micetral/Sai_3.bam	domesticus	SENS	Africa
SENS_4	/home/dpoveda/micetral/steps/04_filtered_bam/bam_micetral/Sai_4.bam	domesticus	SENS	Africa
SENS_5	/home/dpoveda/micetral/steps/04_filtered_bam/bam_micetral/Sai_5.bam	domesticus	SENS	Africa
SENS_6	/home/dpoveda/micetral/steps/04_filtered_bam/bam_micetral/Sai_6.bam	domesticus	SENS	Africa
SENS_7	/home/dpoveda/micetral/steps/04_filtered_bam/bam_micetral/Sai_7.bam	domesticus	SENS	Africa
SENS_8	/home/dpoveda/micetral/steps/04_filtered_bam/bam_micetral/Sai_8.bam	domesticus	SENS	Africa
SENS_9	/home/dpoveda/micetral/steps/04_filtered_bam/bam_micetral/Sai_9.bam	domesticus	SENS	Africa
SENS_10	/home/dpoveda/micetral/steps/04_filtered_bam/bam_micetral/Sai_10.bam	domesticus	SENS	Africa
SENS_11	/home/dpoveda/micetral/steps/04_filtered_bam/bam_micetral/Sai_11.bam	domesticus	SENS	Africa
SENS_12	/home/dpoveda/micetral/steps/04_filtered_bam/bam_micetral/Sai_12.bam	domesticus	SENS	Africa
SENS_13	/home/dpoveda/micetral/steps/04_filtered_bam/bam_micetral/Sai_13.bam	domesticus	SENS	Africa
SENS_14	/home/dpoveda/micetral/steps/04_filtered_bam/bam_micetral/Sai_14.bam	domesticus	SENS	Africa
SENS_15	/home/dpoveda/micetral/steps/04_filtered_bam/bam_micetral/Sai_15.bam	domesticus	SENS	Africa
SENS_16	/home/dpoveda/micetral/steps/04_filtered_bam/bam_micetral/Sai_16.bam	domesticus	SENS	Africa
SENS_17	/home/dpoveda/micetral/steps/04_filtered_bam/bam_micetral/Sai_17.bam	domesticus	SENS	Africa
SENS_18	/home/dpoveda/micetral/steps/04_filtered_bam/bam_micetral/Sai_18.bam	domesticus	SENS	Africa
SENS_19	/home/dpoveda/micetral/steps/04_filtered_bam/bam_micetral/Sai_19.bam	domesticus	SENS	Africa
SENS_20	/home/dpoveda/micetral/steps/04_filtered_bam/bam_micetral/Sai_20.bam	domesticus	SENS	Africa
BENC_1	/home/dpoveda/micetral/steps/04_filtered_bam/bam_micetral/Cot_1.bam	domesticus	BENC	Africa
BENC_2	/home/dpoveda/micetral/steps/04_filtered_bam/bam_micetral/Cot_2.bam	domesticus	BENC	Africa
BENC_3	/home/dpoveda/micetral/steps/04_filtered_bam/bam_micetral/Cot_3.bam	domesticus	BENC	Africa
BENC_4	/home/dpoveda/micetral/steps/04_filtered_bam/bam_micetral/Cot_4.bam	domesticus	BENC	Africa
BENC_5	/home/dpoveda/micetral/steps/04_filtered_bam/bam_micetral/Cot_5.bam	domesticus	BENC	Africa
BENC_6	/home/dpoveda/micetral/steps/04_filtered_bam/bam_micetral/Cot_6.bam	domesticus	BENC	Africa
BENC_7	/home/dpoveda/micetral/steps/04_filtered_bam/bam_micetral/Cot_7.bam	domesticus	BENC	Africa
BENC_8	/home/dpoveda/micetral/steps/04_filtered_bam/bam_micetral/Cot_8.bam	domesticus	BENC	Africa
BENC_9	/home/dpoveda/micetral/steps/04_filtered_bam/bam_micetral/Cot_9.bam	domesticus	BENC	Africa
BENC_10	/home/dpoveda/micetral/steps/04_filtered_bam/bam_micetral/Cot_10.bam	domesticus	BENC	Africa
BENC_11	/home/dpoveda/micetral/steps/04_filtered_bam/bam_micetral/Cot_11.bam	domesticus	BENC	Africa
BENC_12	/home/dpoveda/micetral/steps/04_filtered_bam/bam_micetral/Cot_12.bam	domesticus	BENC	Africa
BENC_13	/home/dpoveda/micetral/steps/04_filtered_bam/bam_micetral/Cot_13.bam	domesticus	BENC	Africa
BENC_14	/home/dpoveda/micetral/steps/04_filtered_bam/bam_micetral/Cot_14.bam	domesticus	BENC	Africa
BENC_15	/home/dpoveda/micetral/steps/04_filtered_bam/bam_micetral/Cot_15.bam	domesticus	BENC	Africa
BENC_16	/home/dpoveda/micetral/steps/04_filtered_bam/bam_micetral/Cot_16.bam	domesticus	BENC	Africa
BENC_17	/home/dpoveda/micetral/steps/04_filtered_bam/bam_micetral/Cot_17.bam	domesticus	BENC	Africa
BENC_18	/home/dpoveda/micetral/steps/04_filtered_bam/bam_micetral/Cot_18.bam	domesticus	BENC	Africa
BENC_19	/home/dpoveda/micetral/steps/04_filtered_bam/bam_micetral/Cot_19.bam	domesticus	BENC	Africa
BENC_20	/home/dpoveda/micetral/steps/04_filtered_bam/bam_micetral/Cot_20.bam	domesticus	BENC	Africa
BENC_21	/home/dpoveda/micetral/steps/04_filtered_bam/bam_micetral/Cot_21.bam	domesticus	BENC	Africa
NIGN_1	/home/dpoveda/micetral/steps/04_filtered_bam/bam_micetral/Nia_1.bam	domesticus	NIGN	Africa
NIGN_3	/home/dpoveda/micetral/steps/04_filtered_bam/bam_micetral/Nia_3.bam	domesticus	NIGN	Africa
NIGN_4	/home/dpoveda/micetral/steps/04_filtered_bam/bam_micetral/Nia_4.bam	domesticus	NIGN	Africa
NIGN_5	/home/dpoveda/micetral/steps/04_filtered_bam/bam_micetral/Nia_5.bam	domesticus	NIGN	Africa
NIGN_6	/home/dpoveda/micetral/steps/04_filtered_bam/bam_micetral/Nia_6.bam	domesticus	NIGN	Africa
NIGN_7	/home/dpoveda/micetral/steps/04_filtered_bam/bam_micetral/Nia_7.bam	domesticus	NIGN	Africa
NIGN_8	/home/dpoveda/micetral/steps/04_filtered_bam/bam_micetral/Nia_8.bam	domesticus	NIGN	Africa
NIGN_9	/home/dpoveda/micetral/steps/04_filtered_bam/bam_micetral/Nia_9.bam	domesticus	NIGN	Africa
NIGN_10	/home/dpoveda/micetral/steps/04_filtered_bam/bam_micetral/Nia_10.bam	domesticus	NIGN	Africa
NIGN_11	/home/dpoveda/micetral/steps/04_filtered_bam/bam_micetral/Nia_11.bam	domesticus	NIGN	Africa
NIGN_12	/home/dpoveda/micetral/steps/04_filtered_bam/bam_micetral/Nia_12.bam	domesticus	NIGN	Africa
NIGN_13	/home/dpoveda/micetral/steps/04_filtered_bam/bam_micetral/Nia_13.bam	domesticus	NIGN	Africa
NIGN_14	/home/dpoveda/micetral/steps/04_filtered_bam/bam_micetral/Nia_14.bam	domesticus	NIGN	Africa
NIGN_15	/home/dpoveda/micetral/steps/04_filtered_bam/bam_micetral/Nia_15.bam	domesticus	NIGN	Africa
NIGN_16	/home/dpoveda/micetral/steps/04_filtered_bam/bam_micetral/Nia_16.bam	domesticus	NIGN	Africa
NIGN_17	/home/dpoveda/micetral/steps/04_filtered_bam/bam_micetral/Nia_17.bam	domesticus	NIGN	Africa
NIGN_18	/home/dpoveda/micetral/steps/04_filtered_bam/bam_micetral/Nia_18.bam	domesticus	NIGN	Africa
ALGA_1	/home/dpoveda/micetral/steps/04_filtered_bam/bam_micetral/Att_1.bam	domesticus	ALGA	Africa
ALGO_1	/home/dpoveda/micetral/steps/04_filtered_bam/bam_micetral/Ora_1.bam	domesticus	ALGO	Africa
ALGO_2	/home/dpoveda/micetral/steps/04_filtered_bam/bam_micetral/Ora_2.bam	domesticus	ALGO	Africa
GABF_1	/home/dpoveda/micetral/steps/04_filtered_bam/bam_micetral/Fra_1.bam	domesticus	GABF	Africa
GABF_2	/home/dpoveda/micetral/steps/04_filtered_bam/bam_micetral/Fra_2.bam	domesticus	GABF	Africa
GABF_3	/home/dpoveda/micetral/steps/04_filtered_bam/bam_micetral/Fra_3.bam	domesticus	GABF	Africa
GABF_4	/home/dpoveda/micetral/steps/04_filtered_bam/bam_micetral/Fra_4.bam	domesticus	GABF	Africa
GABF_5	/home/dpoveda/micetral/steps/04_filtered_bam/bam_micetral/Fra_5.bam	domesticus	GABF	Africa
GABF_6	/home/dpoveda/micetral/steps/04_filtered_bam/bam_micetral/Fra_6.bam	domesticus	GABF	Africa
GABF_7	/home/dpoveda/micetral/steps/04_filtered_bam/bam_micetral/Fra_7.bam	domesticus	GABF	Africa
GABF_8	/home/dpoveda/micetral/steps/04_filtered_bam/bam_micetral/Fra_8.bam	domesticus	GABF	Africa
GABF_9	/home/dpoveda/micetral/steps/04_filtered_bam/bam_micetral/Fra_9.bam	domesticus	GABF	Africa
GABF_10	/home/dpoveda/micetral/steps/04_filtered_bam/bam_micetral/Fra_10.bam	domesticus	GABF	Africa
GABF_11	/home/dpoveda/micetral/steps/04_filtered_bam/bam_micetral/Fra_11.bam	domesticus	GABF	Africa
GABF_12	/home/dpoveda/micetral/steps/04_filtered_bam/bam_micetral/Fra_12.bam	domesticus	GABF	Africa
GABF_13	/home/dpoveda/micetral/steps/04_filtered_bam/bam_micetral/Fra_13.bam	domesticus	GABF	Africa
GABF_14	/home/dpoveda/micetral/steps/04_filtered_bam/bam_micetral/Fra_14.bam	domesticus	GABF	Africa
GABF_15	/home/dpoveda/micetral/steps/04_filtered_bam/bam_micetral/Fra_15.bam	domesticus	GABF	Africa
GABM_10	/home/dpoveda/micetral/steps/04_filtered_bam/bam_micetral/Mak_10.bam	domesticus	GABM	Africa
GABM_11	/home/dpoveda/micetral/steps/04_filtered_bam/bam_micetral/Mak_11.bam	domesticus	GABM	Africa
GABM_12	/home/dpoveda/micetral/steps/04_filtered_bam/bam_micetral/Mak_12.bam	domesticus	GABM	Africa
GABM_13	/home/dpoveda/micetral/steps/04_filtered_bam/bam_micetral/Mak_13.bam	domesticus	GABM	Africa
GABM_14	/home/dpoveda/micetral/steps/04_filtered_bam/bam_micetral/Mak_14.bam	domesticus	GABM	Africa
GABM_15	/home/dpoveda/micetral/steps/04_filtered_bam/bam_micetral/Mak_15.bam	domesticus	GABM	Africa
GABM_16	/home/dpoveda/micetral/steps/04_filtered_bam/bam_micetral/Mak_16.bam	domesticus	GABM	Africa
GABM_17	/home/dpoveda/micetral/steps/04_filtered_bam/bam_micetral/Mak_17.bam	domesticus	GABM	Africa
GABM_18	/home/dpoveda/micetral/steps/04_filtered_bam/bam_micetral/Mak_18.bam	domesticus	GABM	Africa
GABM_19	/home/dpoveda/micetral/steps/04_filtered_bam/bam_micetral/Mak_19.bam	domesticus	GABM	Africa
GABM_1	/home/dpoveda/micetral/steps/04_filtered_bam/bam_micetral/Mak_1.bam	domesticus	GABM	Africa
GABM_2	/home/dpoveda/micetral/steps/04_filtered_bam/bam_micetral/Mak_2.bam	domesticus	GABM	Africa
GABM_3	/home/dpoveda/micetral/steps/04_filtered_bam/bam_micetral/Mak_3.bam	domesticus	GABM	Africa
GABM_4	/home/dpoveda/micetral/steps/04_filtered_bam/bam_micetral/Mak_4.bam	domesticus	GABM	Africa
GABM_5	/home/dpoveda/micetral/steps/04_filtered_bam/bam_micetral/Mak_5.bam	domesticus	GABM	Africa
GABM_6	/home/dpoveda/micetral/steps/04_filtered_bam/bam_micetral/Mak_6.bam	domesticus	GABM	Africa
GABM_7	/home/dpoveda/micetral/steps/04_filtered_bam/bam_micetral/Mak_7.bam	domesticus	GABM	Africa
GABM_8	/home/dpoveda/micetral/steps/04_filtered_bam/bam_micetral/Mak_8.bam	domesticus	GABM	Africa
GABM_9	/home/dpoveda/micetral/steps/04_filtered_bam/bam_micetral/Mak_9.bam	domesticus	GABM	Africa
GABN_1	/home/dpoveda/micetral/steps/04_filtered_bam/bam_micetral/Ndj_1.bam	domesticus	GABN	Africa
GABN_2	/home/dpoveda/micetral/steps/04_filtered_bam/bam_micetral/Ndj_2.bam	domesticus	GABN	Africa
GABN_3	/home/dpoveda/micetral/steps/04_filtered_bam/bam_micetral/Ndj_3.bam	domesticus	GABN	Africa
GABN_4	/home/dpoveda/micetral/steps/04_filtered_bam/bam_micetral/Ndj_4.bam	domesticus	GABN	Africa
GABN_5	/home/dpoveda/micetral/steps/04_filtered_bam/bam_micetral/Ndj_5.bam	domesticus	GABN	Africa
GABN_7	/home/dpoveda/micetral/steps/04_filtered_bam/bam_micetral/Ndj_7.bam	domesticus	GABN	Africa
GABN_8	/home/dpoveda/micetral/steps/04_filtered_bam/bam_micetral/Ndj_8.bam	domesticus	GABN	Africa
USAF_01	/home/dpoveda/micetral/steps/04_filtered_bam/bam_published/flo_01.bam	domesticus	USAF	America
USAF_02	/home/dpoveda/micetral/steps/04_filtered_bam/bam_published/flo_02.bam	domesticus	USAF	America
USAF_03	/home/dpoveda/micetral/steps/04_filtered_bam/bam_published/flo_03.bam	domesticus	USAF	America
USAF_04	/home/dpoveda/micetral/steps/04_filtered_bam/bam_published/flo_04.bam	domesticus	USAF	America
USAF_05	/home/dpoveda/micetral/steps/04_filtered_bam/bam_published/flo_05.bam	domesticus	USAF	America
USAG_01	/home/dpoveda/micetral/steps/04_filtered_bam/bam_published/geo_01.bam	domesticus	USAG	America
USAG_02	/home/dpoveda/micetral/steps/04_filtered_bam/bam_published/geo_02.bam	domesticus	USAG	America
USAG_03	/home/dpoveda/micetral/steps/04_filtered_bam/bam_published/geo_03.bam	domesticus	USAG	America
USAG_04	/home/dpoveda/micetral/steps/04_filtered_bam/bam_published/geo_04.bam	domesticus	USAG	America
USAG_05	/home/dpoveda/micetral/steps/04_filtered_bam/bam_published/geo_05.bam	domesticus	USAG	America
USAN_01	/home/dpoveda/micetral/steps/04_filtered_bam/bam_published/new_01.bam	domesticus	USAN	America
USAN_02	/home/dpoveda/micetral/steps/04_filtered_bam/bam_published/new_02.bam	domesticus	USAN	America
USAN_03	/home/dpoveda/micetral/steps/04_filtered_bam/bam_published/new_03.bam	domesticus	USAN	America
USAN_04	/home/dpoveda/micetral/steps/04_filtered_bam/bam_published/new_04.bam	domesticus	USAN	America
USAN_05	/home/dpoveda/micetral/steps/04_filtered_bam/bam_published/new_05.bam	domesticus	USAN	America
USAP_01	/home/dpoveda/micetral/steps/04_filtered_bam/bam_published/pen_01.bam	domesticus	USAP	America
USAP_02	/home/dpoveda/micetral/steps/04_filtered_bam/bam_published/pen_02.bam	domesticus	USAP	America
USAP_03	/home/dpoveda/micetral/steps/04_filtered_bam/bam_published/pen_03.bam	domesticus	USAP	America
USAP_04	/home/dpoveda/micetral/steps/04_filtered_bam/bam_published/pen_04.bam	domesticus	USAP	America
USAP_05	/home/dpoveda/micetral/steps/04_filtered_bam/bam_published/pen_05.bam	domesticus	USAP	America
USAV_01	/home/dpoveda/micetral/steps/04_filtered_bam/bam_published/ver_01.bam	domesticus	USAV	America
USAV_02	/home/dpoveda/micetral/steps/04_filtered_bam/bam_published/ver_02.bam	domesticus	USAV	America
USAV_03	/home/dpoveda/micetral/steps/04_filtered_bam/bam_published/ver_03.bam	domesticus	USAV	America
USAV_04	/home/dpoveda/micetral/steps/04_filtered_bam/bam_published/ver_04.bam	domesticus	USAV	America
USAV_05	/home/dpoveda/micetral/steps/04_filtered_bam/bam_published/ver_05.bam	domesticus	USAV	America
USAB_01	/home/dpoveda/micetral/steps/04_filtered_bam/bam_published/vir_01.bam	domesticus	USAB	America
USAB_02	/home/dpoveda/micetral/steps/04_filtered_bam/bam_published/vir_02.bam	domesticus	USAB	America
USAB_03	/home/dpoveda/micetral/steps/04_filtered_bam/bam_published/vir_03.bam	domesticus	USAB	America
USAB_04	/home/dpoveda/micetral/steps/04_filtered_bam/bam_published/vir_04.bam	domesticus	USAB	America
USAB_05	/home/dpoveda/micetral/steps/04_filtered_bam/bam_published/vir_05.bam	domesticus	USAB	America
FRAF_10	/home/dpoveda/micetral/steps/04_filtered_bam/bam_micetral/Fro_10.bam	domesticus	FRAF	Europe
FRAF_11	/home/dpoveda/micetral/steps/04_filtered_bam/bam_micetral/Fro_11.bam	domesticus	FRAF	Europe
FRAF_12	/home/dpoveda/micetral/steps/04_filtered_bam/bam_micetral/Fro_12.bam	domesticus	FRAF	Europe
FRAF_13	/home/dpoveda/micetral/steps/04_filtered_bam/bam_micetral/Fro_13.bam	domesticus	FRAF	Europe
FRAF_14	/home/dpoveda/micetral/steps/04_filtered_bam/bam_micetral/Fro_14.bam	domesticus	FRAF	Europe
FRAF_15	/home/dpoveda/micetral/steps/04_filtered_bam/bam_micetral/Fro_15.bam	domesticus	FRAF	Europe
FRAF_16	/home/dpoveda/micetral/steps/04_filtered_bam/bam_micetral/Fro_16.bam	domesticus	FRAF	Europe
FRAF_17	/home/dpoveda/micetral/steps/04_filtered_bam/bam_micetral/Fro_17.bam	domesticus	FRAF	Europe
FRAF_1	/home/dpoveda/micetral/steps/04_filtered_bam/bam_micetral/Fro_1.bam	domesticus	FRAF	Europe
FRAF_2	/home/dpoveda/micetral/steps/04_filtered_bam/bam_micetral/Fro_2.bam	domesticus	FRAF	Europe
FRAF_3	/home/dpoveda/micetral/steps/04_filtered_bam/bam_micetral/Fro_3.bam	domesticus	FRAF	Europe
FRAF_4	/home/dpoveda/micetral/steps/04_filtered_bam/bam_micetral/Fro_4.bam	domesticus	FRAF	Europe
FRAF_5	/home/dpoveda/micetral/steps/04_filtered_bam/bam_micetral/Fro_5.bam	domesticus	FRAF	Europe
FRAF_6	/home/dpoveda/micetral/steps/04_filtered_bam/bam_micetral/Fro_6.bam	domesticus	FRAF	Europe
FRAF_7	/home/dpoveda/micetral/steps/04_filtered_bam/bam_micetral/Fro_7.bam	domesticus	FRAF	Europe
FRAF_8	/home/dpoveda/micetral/steps/04_filtered_bam/bam_micetral/Fro_8.bam	domesticus	FRAF	Europe
FRAF_9	/home/dpoveda/micetral/steps/04_filtered_bam/bam_micetral/Fro_9.bam	domesticus	FRAF	Europe
FRAT_1	/home/dpoveda/micetral/steps/04_filtered_bam/bam_micetral/Tou_1.bam	domesticus	FRAT	Europe
FRAT_2	/home/dpoveda/micetral/steps/04_filtered_bam/bam_micetral/Tou_2.bam	domesticus	FRAT	Europe
FRAT_3	/home/dpoveda/micetral/steps/04_filtered_bam/bam_micetral/Tou_3.bam	domesticus	FRAT	Europe
FRAT_4	/home/dpoveda/micetral/steps/04_filtered_bam/bam_micetral/Tou_4.bam	domesticus	FRAT	Europe
FRAT_5	/home/dpoveda/micetral/steps/04_filtered_bam/bam_micetral/Tou_5.bam	domesticus	FRAT	Europe
FRAT_6	/home/dpoveda/micetral/steps/04_filtered_bam/bam_micetral/Tou_6.bam	domesticus	FRAT	Europe
FRAT_7	/home/dpoveda/micetral/steps/04_filtered_bam/bam_micetral/Tou_7.bam	domesticus	FRAT	Europe
FRAT_8	/home/dpoveda/micetral/steps/04_filtered_bam/bam_micetral/Tou_8.bam	domesticus	FRAT	Europe
FRAT_9	/home/dpoveda/micetral/steps/04_filtered_bam/bam_micetral/Tou_9.bam	domesticus	FRAT	Europe
FRAT_10	/home/dpoveda/micetral/steps/04_filtered_bam/bam_micetral/Tou_10.bam	domesticus	FRAT	Europe
FRAT_11	/home/dpoveda/micetral/steps/04_filtered_bam/bam_micetral/Tou_11.bam	domesticus	FRAT	Europe
FRAT_12	/home/dpoveda/micetral/steps/04_filtered_bam/bam_micetral/Tou_12.bam	domesticus	FRAT	Europe
FRAT_13	/home/dpoveda/micetral/steps/04_filtered_bam/bam_micetral/Tou_13.bam	domesticus	FRAT	Europe
FRAT_14	/home/dpoveda/micetral/steps/04_filtered_bam/bam_micetral/Tou_14.bam	domesticus	FRAT	Europe
FRAT_15	/home/dpoveda/micetral/steps/04_filtered_bam/bam_micetral/Tou_15.bam	domesticus	FRAT	Europe
FRAT_16	/home/dpoveda/micetral/steps/04_filtered_bam/bam_micetral/Tou_16.bam	domesticus	FRAT	Europe
FRAT_17	/home/dpoveda/micetral/steps/04_filtered_bam/bam_micetral/Tou_17.bam	domesticus	FRAT	Europe
FRAT_18	/home/dpoveda/micetral/steps/04_filtered_bam/bam_micetral/Tou_18.bam	domesticus	FRAT	Europe
FRAT_19	/home/dpoveda/micetral/steps/04_filtered_bam/bam_micetral/Tou_19.bam	domesticus	FRAT	Europe
FRAT_20	/home/dpoveda/micetral/steps/04_filtered_bam/bam_micetral/Tou_20.bam	domesticus	FRAT	Europe
FRAM_01	/home/dpoveda/micetral/steps/04_filtered_bam/bam_published/fra_01.bam	domesticus	FRAM	Europe
FRAM_02	/home/dpoveda/micetral/steps/04_filtered_bam/bam_published/fra_02.bam	domesticus	FRAM	Europe
FRAM_03	/home/dpoveda/micetral/steps/04_filtered_bam/bam_published/fra_03.bam	domesticus	FRAM	Europe
FRAM_04	/home/dpoveda/micetral/steps/04_filtered_bam/bam_published/fra_04.bam	domesticus	FRAM	Europe
FRAM_05	/home/dpoveda/micetral/steps/04_filtered_bam/bam_published/fra_05.bam	domesticus	FRAM	Europe
FRAM_06	/home/dpoveda/micetral/steps/04_filtered_bam/bam_published/fra_06.bam	domesticus	FRAM	Europe
FRAM_07	/home/dpoveda/micetral/steps/04_filtered_bam/bam_published/fra_07.bam	domesticus	FRAM	Europe
FRAM_08	/home/dpoveda/micetral/steps/04_filtered_bam/bam_published/fra_08.bam	domesticus	FRAM	Europe
GERCB_1	/home/dpoveda/micetral/steps/04_filtered_bam/bam_micetral/Ber_1.bam	domesticus	GERCB	Europe
GERCB_2	/home/dpoveda/micetral/steps/04_filtered_bam/bam_micetral/Ber_2.bam	domesticus	GERCB	Europe
GERCB_3	/home/dpoveda/micetral/steps/04_filtered_bam/bam_micetral/Ber_3.bam	domesticus	GERCB	Europe
GERCB_4	/home/dpoveda/micetral/steps/04_filtered_bam/bam_micetral/Ber_4.bam	domesticus	GERCB	Europe
GERCB_5	/home/dpoveda/micetral/steps/04_filtered_bam/bam_micetral/Ber_5.bam	domesticus	GERCB	Europe
GERCB_6	/home/dpoveda/micetral/steps/04_filtered_bam/bam_micetral/Ber_6.bam	domesticus	GERCB	Europe
GERCB_7	/home/dpoveda/micetral/steps/04_filtered_bam/bam_micetral/Ber_7.bam	domesticus	GERCB	Europe
GERC_01	/home/dpoveda/micetral/steps/04_filtered_bam/bam_published/ger_01.bam	domesticus	GERC	Europe
GERC_02	/home/dpoveda/micetral/steps/04_filtered_bam/bam_published/ger_02.bam	domesticus	GERC	Europe
GERC_03	/home/dpoveda/micetral/steps/04_filtered_bam/bam_published/ger_03.bam	domesticus	GERC	Europe
GERC_04	/home/dpoveda/micetral/steps/04_filtered_bam/bam_published/ger_04.bam	domesticus	GERC	Europe
GERC_05	/home/dpoveda/micetral/steps/04_filtered_bam/bam_published/ger_05.bam	domesticus	GERC	Europe
GERC_06	/home/dpoveda/micetral/steps/04_filtered_bam/bam_published/ger_06.bam	domesticus	GERC	Europe
GERC_07	/home/dpoveda/micetral/steps/04_filtered_bam/bam_published/ger_07.bam	domesticus	GERC	Europe
GERC_08	/home/dpoveda/micetral/steps/04_filtered_bam/bam_published/ger_08.bam	domesticus	GERC	Europe
GERC_09	/home/dpoveda/micetral/steps/04_filtered_bam/bam_published/ger_09.bam	domesticus	GERC	Europe
GERC_10	/home/dpoveda/micetral/steps/04_filtered_bam/bam_published/ger_10.bam	domesticus	GERC	Europe
GERC_11	/home/dpoveda/micetral/steps/04_filtered_bam/bam_published/ger_11.bam	domesticus	GERC	Europe
ITAC_1	/home/dpoveda/micetral/steps/04_filtered_bam/bam_micetral/Cas_1.bam	domesticus	ITAC	Europe
ITAC_2	/home/dpoveda/micetral/steps/04_filtered_bam/bam_micetral/Cas_2.bam	domesticus	ITAC	Europe
ITAC_3	/home/dpoveda/micetral/steps/04_filtered_bam/bam_micetral/Cas_3.bam	domesticus	ITAC	Europe
ITAC_4	/home/dpoveda/micetral/steps/04_filtered_bam/bam_micetral/Cas_4.bam	domesticus	ITAC	Europe
ITAC_5	/home/dpoveda/micetral/steps/04_filtered_bam/bam_micetral/Cas_5.bam	domesticus	ITAC	Europe
ITAC_6	/home/dpoveda/micetral/steps/04_filtered_bam/bam_micetral/Cas_6.bam	domesticus	ITAC	Europe
ITAC_7	/home/dpoveda/micetral/steps/04_filtered_bam/bam_micetral/Cas_7.bam	domesticus	ITAC	Europe
ITAC_8	/home/dpoveda/micetral/steps/04_filtered_bam/bam_micetral/Cas_8.bam	domesticus	ITAC	Europe
ITAC_9	/home/dpoveda/micetral/steps/04_filtered_bam/bam_micetral/Cas_9.bam	domesticus	ITAC	Europe
ITAC_10	/home/dpoveda/micetral/steps/04_filtered_bam/bam_micetral/Cas_10.bam	domesticus	ITAC	Europe
ITAC_11	/home/dpoveda/micetral/steps/04_filtered_bam/bam_micetral/Cas_11.bam	domesticus	ITAC	Europe
ITAC_12	/home/dpoveda/micetral/steps/04_filtered_bam/bam_micetral/Cas_12.bam	domesticus	ITAC	Europe
ITAC_13	/home/dpoveda/micetral/steps/04_filtered_bam/bam_micetral/Cas_13.bam	domesticus	ITAC	Europe
ITAC_14	/home/dpoveda/micetral/steps/04_filtered_bam/bam_micetral/Cas_14.bam	domesticus	ITAC	Europe
ITAC_15	/home/dpoveda/micetral/steps/04_filtered_bam/bam_micetral/Cas_15.bam	domesticus	ITAC	Europe
ITAC_16	/home/dpoveda/micetral/steps/04_filtered_bam/bam_micetral/Cas_16.bam	domesticus	ITAC	Europe
SPAC_1	/home/dpoveda/micetral/steps/04_filtered_bam/bam_micetral/Cub_1.bam	domesticus	SPAC	Europe
SPAC_2	/home/dpoveda/micetral/steps/04_filtered_bam/bam_micetral/Cub_2.bam	domesticus	SPAC	Europe
SPAC_3	/home/dpoveda/micetral/steps/04_filtered_bam/bam_micetral/Cub_3.bam	domesticus	SPAC	Europe
SPAC_4	/home/dpoveda/micetral/steps/04_filtered_bam/bam_micetral/Cub_4.bam	domesticus	SPAC	Europe
SPAC_5	/home/dpoveda/micetral/steps/04_filtered_bam/bam_micetral/Cub_5.bam	domesticus	SPAC	Europe
SPAC_6	/home/dpoveda/micetral/steps/04_filtered_bam/bam_micetral/Cub_6.bam	domesticus	SPAC	Europe
SPAC_7	/home/dpoveda/micetral/steps/04_filtered_bam/bam_micetral/Cub_7.bam	domesticus	SPAC	Europe
SPAC_8	/home/dpoveda/micetral/steps/04_filtered_bam/bam_micetral/Cub_8.bam	domesticus	SPAC	Europe
SPAC_9	/home/dpoveda/micetral/steps/04_filtered_bam/bam_micetral/Cub_9.bam	domesticus	SPAC	Europe
SPAC_10	/home/dpoveda/micetral/steps/04_filtered_bam/bam_micetral/Cub_10.bam	domesticus	SPAC	Europe
SPAC_11	/home/dpoveda/micetral/steps/04_filtered_bam/bam_micetral/Cub_11.bam	domesticus	SPAC	Europe
GBRL_1	/home/dpoveda/micetral/steps/04_filtered_bam/bam_micetral/Lei_1.bam	domesticus	GBRL	Europe
GBRL_2	/home/dpoveda/micetral/steps/04_filtered_bam/bam_micetral/Lei_2.bam	domesticus	GBRL	Europe
LEBE_1	/home/dpoveda/micetral/steps/04_filtered_bam/bam_micetral/Edd_1.bam	domesticus	LEBE	SW_ASIA
LEBE_2	/home/dpoveda/micetral/steps/04_filtered_bam/bam_micetral/Edd_2.bam	domesticus	LEBE	SW_ASIA
LEBE_3	/home/dpoveda/micetral/steps/04_filtered_bam/bam_micetral/Edd_3.bam	domesticus	LEBE	SW_ASIA
LEBE_4	/home/dpoveda/micetral/steps/04_filtered_bam/bam_micetral/Edd_4.bam	domesticus	LEBE	SW_ASIA
LEBE_5	/home/dpoveda/micetral/steps/04_filtered_bam/bam_micetral/Edd_5.bam	domesticus	LEBE	SW_ASIA
LEBE_6	/home/dpoveda/micetral/steps/04_filtered_bam/bam_micetral/Edd_6.bam	domesticus	LEBE	SW_ASIA
LEBE_7	/home/dpoveda/micetral/steps/04_filtered_bam/bam_micetral/Edd_7.bam	domesticus	LEBE	SW_ASIA
LEBE_8	/home/dpoveda/micetral/steps/04_filtered_bam/bam_micetral/Edd_8.bam	domesticus	LEBE	SW_ASIA
LEBE_9	/home/dpoveda/micetral/steps/04_filtered_bam/bam_micetral/Edd_9.bam	domesticus	LEBE	SW_ASIA
LEBE_10	/home/dpoveda/micetral/steps/04_filtered_bam/bam_micetral/Edd_10.bam	domesticus	LEBE	SW_ASIA
IRAA_01	/home/dpoveda/micetral/steps/04_filtered_bam/bam_published/ira_01.bam	domesticus	IRAA	SW_ASIA
IRAA_02	/home/dpoveda/micetral/steps/04_filtered_bam/bam_published/ira_02.bam	domesticus	IRAA	SW_ASIA
IRAA_03	/home/dpoveda/micetral/steps/04_filtered_bam/bam_published/ira_03.bam	domesticus	IRAA	SW_ASIA
IRAA_04	/home/dpoveda/micetral/steps/04_filtered_bam/bam_published/ira_04.bam	domesticus	IRAA	SW_ASIA
IRAA_05	/home/dpoveda/micetral/steps/04_filtered_bam/bam_published/ira_05.bam	domesticus	IRAA	SW_ASIA
IRAA_06	/home/dpoveda/micetral/steps/04_filtered_bam/bam_published/ira_06.bam	domesticus	IRAA	SW_ASIA
IRAA_07	/home/dpoveda/micetral/steps/04_filtered_bam/bam_published/ira_07.bam	domesticus	IRAA	SW_ASIA
IRAA_08	/home/dpoveda/micetral/steps/04_filtered_bam/bam_published/ira_08.bam	domesticus	IRAA	SW_ASIA
ISRK_1	/home/dpoveda/micetral/steps/04_filtered_bam/bam_micetral/Kef_1.bam	domesticus	ISRK	SW_ASIA
ISRK_2	/home/dpoveda/micetral/steps/04_filtered_bam/bam_micetral/Kef_2.bam	domesticus	ISRK	SW_ASIA
ISRS_1	/home/dpoveda/micetral/steps/04_filtered_bam/bam_micetral/Sed_1.bam	domesticus	ISRS	SW_ASIA
ISRS_2	/home/dpoveda/micetral/steps/04_filtered_bam/bam_micetral/Sed_2.bam	domesticus	ISRS	SW_ASIA
spr_sp01	/home/dpoveda/micetral/steps/04_filtered_bam/bam_published/spetrus_01.bam	spetrus	spr_sp	spr_sp
spr_sp02	/home/dpoveda/micetral/steps/04_filtered_bam/bam_published/spetrus_02.bam	spetrus	spr_sp	spr_sp
spr_sp03	/home/dpoveda/micetral/steps/04_filtered_bam/bam_published/spetrus_03.bam	spetrus	spr_sp	spr_sp
spr_sp04	/home/dpoveda/micetral/steps/04_filtered_bam/bam_published/spetrus_04.bam	spetrus	spr_sp	spr_sp
spr_sp05	/home/dpoveda/micetral/steps/04_filtered_bam/bam_published/spetrus_05.bam	spetrus	spr_sp	spr_sp
spr_sp06	/home/dpoveda/micetral/steps/04_filtered_bam/bam_published/spetrus_06.bam	spetrus	spr_sp	spr_sp
spr_sp07	/home/dpoveda/micetral/steps/04_filtered_bam/bam_published/spetrus_07.bam	spetrus	spr_sp	spr_sp
spr_sp08	/home/dpoveda/micetral/steps/04_filtered_bam/bam_published/spetrus_08.bam	spetrus	spr_sp	spr_sp
spr_mo1	/home/dpoveda/micetral/steps/04_filtered_bam/bam_micetral/Aga_1.bam	spetrus	spr_mor	spr_mor
spr_mo2	/home/dpoveda/micetral/steps/04_filtered_bam/bam_micetral/Aga_2.bam	spetrus	spr_mor	spr_mor
spr_mo3	/home/dpoveda/micetral/steps/04_filtered_bam/bam_micetral/Aga_3.bam	spetrus	spr_mor	spr_mor
spr_mo4	/home/dpoveda/micetral/steps/04_filtered_bam/bam_micetral/Aga_4.bam	spetrus	spr_mor	spr_mor
spr_mo5	/home/dpoveda/micetral/steps/04_filtered_bam/bam_micetral/Aga_5.bam	spetrus	spr_mor	spr_mor
spr_mo6	/home/dpoveda/micetral/steps/04_filtered_bam/bam_micetral/Aga_6.bam	spetrus	spr_mor	spr_mor
spr_mo7	/home/dpoveda/micetral/steps/04_filtered_bam/bam_micetral/Aga_7.bam	spetrus	spr_mor	spr_mor
spr_mo8	/home/dpoveda/micetral/steps/04_filtered_bam/bam_micetral/Aga_8.bam	spetrus	spr_mor	spr_mor
spr_mo9	/home/dpoveda/micetral/steps/04_filtered_bam/bam_micetral/Aga_9.bam	spetrus	spr_mor	spr_mor
spr_mo10	/home/dpoveda/micetral/steps/04_filtered_bam/bam_micetral/Aga_10.bam	spetrus	spr_mor	spr_mor
spr_mo11	/home/dpoveda/micetral/steps/04_filtered_bam/bam_micetral/Aga_11.bam	spetrus	spr_mor	spr_mor
spr_mo12	/home/dpoveda/micetral/steps/04_filtered_bam/bam_micetral/Aga_12.bam	spetrus	spr_mor	spr_mor
spr_mo13	/home/dpoveda/micetral/steps/04_filtered_bam/bam_micetral/Aga_13.bam	spetrus	spr_mor	spr_mor
spr_mo14	/home/dpoveda/micetral/steps/04_filtered_bam/bam_micetral/Aga_14.bam	spetrus	spr_mor	spr_mor
spr_mo15	/home/dpoveda/micetral/steps/04_filtered_bam/bam_micetral/Aga_15.bam	spetrus	spr_mor	spr_mor
spr_mo16	/home/dpoveda/micetral/steps/04_filtered_bam/bam_micetral/Aga_16.bam	spetrus	spr_mor	spr_mor
spr_mo17	/home/dpoveda/micetral/steps/04_filtered_bam/bam_micetral/Aga_17.bam	spetrus	spr_mor	spr_mor
cast_ind01	/home/dpoveda/micetral/steps/04_filtered_bam/bam_published/castaneus_01.bam	castaneus	castaneus	cas_ind
cast_ind02	/home/dpoveda/micetral/steps/04_filtered_bam/bam_published/castaneus_02.bam	castaneus	castaneus	cas_ind
cast_ind03	/home/dpoveda/micetral/steps/04_filtered_bam/bam_published/castaneus_03.bam	castaneus	castaneus	cas_ind
cast_ind04	/home/dpoveda/micetral/steps/04_filtered_bam/bam_published/castaneus_04.bam	castaneus	castaneus	cas_ind
cast_ind05	/home/dpoveda/micetral/steps/04_filtered_bam/bam_published/castaneus_05.bam	castaneus	castaneus	cas_ind
cast_ind06	/home/dpoveda/micetral/steps/04_filtered_bam/bam_published/castaneus_06.bam	castaneus	castaneus	cas_ind
cast_ind07	/home/dpoveda/micetral/steps/04_filtered_bam/bam_published/castaneus_07.bam	castaneus	castaneus	cas_ind
cast_ind08	/home/dpoveda/micetral/steps/04_filtered_bam/bam_published/castaneus_08.bam	castaneus	castaneus	cas_ind
cast_ind09	/home/dpoveda/micetral/steps/04_filtered_bam/bam_published/castaneus_09.bam	castaneus	castaneus	cas_ind
cast_ind10	/home/dpoveda/micetral/steps/04_filtered_bam/bam_published/castaneus_10.bam	castaneus	castaneus	cas_ind
cast_ken1	/home/dpoveda/micetral/steps/04_filtered_bam/bam_micetral/Nai_1.bam	castaneus	cas_ken	cas_ken
cast_ken2	/home/dpoveda/micetral/steps/04_filtered_bam/bam_micetral/Nai_2.bam	castaneus	cas_ken	cas_ken
cast_ken3	/home/dpoveda/micetral/steps/04_filtered_bam/bam_micetral/Nai_3.bam	castaneus	cas_ken	cas_ken
cast_ken4	/home/dpoveda/micetral/steps/04_filtered_bam/bam_micetral/Nai_4.bam	castaneus	cas_ken	cas_ken
cast_ken5	/home/dpoveda/micetral/steps/04_filtered_bam/bam_micetral/Nai_5.bam	castaneus	cas_ken	cas_ken
cast_ken6	/home/dpoveda/micetral/steps/04_filtered_bam/bam_micetral/Nai_6.bam	castaneus	cas_ken	cas_ken
cast_ken7	/home/dpoveda/micetral/steps/04_filtered_bam/bam_micetral/Nai_7.bam	castaneus	cas_ken	cas_ken
cast_ken8	/home/dpoveda/micetral/steps/04_filtered_bam/bam_micetral/Nai_8.bam	castaneus	cas_ken	cas_ken
cast_ken9	/home/dpoveda/micetral/steps/04_filtered_bam/bam_micetral/Nai_9.bam	castaneus	cas_ken	cas_ken
cast_ken10	/home/dpoveda/micetral/steps/04_filtered_bam/bam_micetral/Nai_10.bam	castaneus	cas_ken	cas_ken
cast_ken11	/home/dpoveda/micetral/steps/04_filtered_bam/bam_micetral/Nai_11.bam	castaneus	cas_ken	cas_ken
cast_ken12	/home/dpoveda/micetral/steps/04_filtered_bam/bam_micetral/Nai_12.bam	castaneus	cas_ken	cas_ken
cast_ken13	/home/dpoveda/micetral/steps/04_filtered_bam/bam_micetral/Nai_13.bam	castaneus	cas_ken	cas_ken
musculus_01	/home/dpoveda/micetral/steps/04_filtered_bam/bam_published/musculus_01.bam	musculus	musculus	musculus
musculus_02	/home/dpoveda/micetral/steps/04_filtered_bam/bam_published/musculus_02.bam	musculus	musculus	musculus
musculus_03	/home/dpoveda/micetral/steps/04_filtered_bam/bam_published/musculus_03.bam	musculus	musculus	musculus
musculus_04	/home/dpoveda/micetral/steps/04_filtered_bam/bam_published/musculus_04.bam	musculus	musculus	musculus
musculus_05	/home/dpoveda/micetral/steps/04_filtered_bam/bam_published/musculus_05.bam	musculus	musculus	musculus
musculus_06	/home/dpoveda/micetral/steps/04_filtered_bam/bam_published/musculus_06.bam	musculus	musculus	musculus
musculus_07	/home/dpoveda/micetral/steps/04_filtered_bam/bam_published/musculus_07.bam	musculus	musculus	musculus
musculus_08	/home/dpoveda/micetral/steps/04_filtered_bam/bam_published/musculus_08.bam	musculus	musculus	musculus
